<?xml version="1.0" encoding="UTF-8"?>
<beans xmlns="http://www.springframework.org/schema/beans"
	xmlns:xsi="http://www.w3.org/2001/XMLSchema-instance"
	xmlns:aop="http://www.springframework.org/schema/aop"
	xsi:schemaLocation="http://www.springframework.org/schema/beans  
    http://www.springframework.org/schema/beans/spring-beans-3.0.xsd   
    http://www.springframework.org/schema/aop   
    http://www.springframework.org/schema/aop/spring-aop-3.0.xsd ">

	<aop:aspectj-autoproxy />
<<<<<<< HEAD
	<bean id="businesslogic" class="com.dbs.app.BusinessLogic">

	</bean>

	<!-- Aspect -->
	<bean id="logAspect" class="com.dbs.app.LoggingAscpect"></bean>
=======

	<bean id="businessLogic" class="com.dbs.aop.BusinessLogic">
	</bean>

	<!-- Aspect -->
	<bean id="logAspect" class="com.dbs.aop.LoggingAspect" />
>>>>>>> e004f2e (more spring files)
</beans>