<?xml version = "1.0" encoding = "utf-8"?>
<!DOCTYPE hibernate-configuration SYSTEM 
"http://www.hibernate.org/dtd/hibernate-configuration-3.0.dtd">
<hibernate-configuration>
   <session-factory>
   
      <property name = "hibernate.dialect">
         org.hibernate.dialect.MySQL8Dialect
      </property>
      
      <property name = "hibernate.connection.driver_class">
         com.mysql.cj.jdbc.Driver
      </property>
      
<<<<<<< HEAD
      <!-- Assume test is the database name -->
      
      <property name = "hibernate.connection.url">
         jdbc:mysql://localhost:3306/testdb2
=======
      <!-- Assume user_mapping is the database name -->
      
      <property name = "hibernate.connection.url">
         jdbc:mysql://localhost:3306/user_mapping
>>>>>>> e004f2e (more spring files)
      </property>
      <property name="show_sql">true</property>
      <property name = "hibernate.connection.username">
         root
      </property>
      <property name="hbm2ddl.auto">update</property>
<<<<<<< HEAD
      <property name = "hibernate.connection.password">
         mysqlroot
      </property>
      
      <mapping class="com.dbs.mappingdemo.model.User"></mapping>
      <mapping class="com.dbs.mappingdemo.model.Mobile"></mapping>
      <mapping class="com.dbs.mappingdemo.model.Address"></mapping>
      <mapping class="com.dbs.mappingdemo.model.Vehicle"></mapping>
      
      
=======
    <!--   <entry key="hibernate.hbm2ddl.auto" value="create" -->
     <!--  <property name="hibernate.hbm2ddl.auto">update</property> -->
      
      <property name = "hibernate.connection.password">
        
      </property>
      <mapping class="com.dbs.mappingdemo.model.User"/>
            <mapping class="com.dbs.mappingdemo.model.Mobile"/>
             <mapping class="com.dbs.mappingdemo.model.Address"/>
             <mapping class="com.dbs.mappingdemo.model.Vehicle"/>
>>>>>>> e004f2e (more spring files)
      
   </session-factory>
</hibernate-configuration>