<?xml version = "1.0" encoding = "utf-8"?>
<!DOCTYPE hibernate-configuration SYSTEM 
"http://www.hibernate.org/dtd/hibernate-configuration-3.0.dtd">
<hibernate-configuration>
   <session-factory>
   
      <property name = "hibernate.dialect">
         org.hibernate.dialect.MySQL8Dialect
      </property>
      
      <property name = "hibernate.connection.driver_class">
         com.mysql.cj.jdbc.Driver
      </property>
      
      <!-- Assume test is the database name -->
      
      <property name = "hibernate.connection.url">
         jdbc:mysql://localhost:3306/testdb1
      </property>
      <property name="show_sql">true</property>
      <property name = "hibernate.connection.username">
         root
      </property>
      <property name="hbm2ddl.auto">update</property>
<<<<<<< HEAD
      <property name = "hibernate.connection.password">
         mysqlroot
      </property>
      
      <mapping class="hibernate_mapping.model.Employee"></mapping>
      <mapping class="hibernate_mapping.model.Laptop"></mapping>
      <mapping class="hibernate_mapping.model.Phone"></mapping>
      <mapping class="hibernate_mapping.model.Project"></mapping>
      
=======
    <!--   <entry key="hibernate.hbm2ddl.auto" value="create" -->
     <!--  <property name="hibernate.hbm2ddl.auto">update</property> -->
      
      <property name = "hibernate.connection.password">
        
      </property>
      <mapping class="hibernate_mapping.model.Employee"/>
            <mapping class="hibernate_mapping.model.Laptop"/>
             <mapping class="hibernate_mapping.model.Phone"/>
             <mapping class="hibernate_mapping.model.Project"/>
>>>>>>> e004f2e (more spring files)
      
   </session-factory>
</hibernate-configuration>